https://fas.org/publication/fas-statement-on-president-bidens-fy2024-budget-proposal/,43
https://fas.org/publication/a-bipartisan-health-agenda-to-unite-america-innovative-ideas-to-strengthen-american-wellbeing/,43
https://fas.org/publication/mathematically-predicting-the-future-with-professional-forecaster-philip-schoenegger/,43
https://fas.org/publication/creating-equitable-outcomes-from-government-services-through-radical-participation/,43
https://fas.org/publication/protecting-civil-rights-organizations-and-activists-a-policy-addressing-the-governments-use-of-surveillance-tools/,43
https://fas.org/publication/modernizing-enforcement-of-the-civil-rights-actto-mitigate-algorithmic-harm-in-determiningfederal-benefits/,43
https://fas.org/publication/using-a-digital-justice-framework-to-improve-disaster-preparation-and-response/,43
https://fas.org/publication/funding-the-fight-against-wildland-fire/,43
https://fas.org/publication/california-policy-leaders-provide-insights-to-congressional-wildland-fire-commission/,43
https://fas.org/publication/enabling-faster-funding-timelines-in-the-national-institutes-of-health/,43
https://fas.org/publication/growing-the-bioeconomy-requires-innovative-solutions/,43
https://fas.org/publication/new-coalition-launches-for-increased-investment-in-education-rd/,43
